<?xml version="1.0" encoding="UTF-8"?>
<con:soapui-project id="394650f7-63c7-4156-bd93-a8a97979fc52" activeEnvironment="Default" name="Kodilla soap" resourceRoot="${projectDir}" soapui-version="5.6.0" abortOnError="false" runType="SEQUENTIAL" xmlns:con="http://eviware.com/soapui/config"><con:settings/><con:interface xsi:type="con:WsdlInterface" id="8962cb6c-b8b6-41b0-a25e-e0ed30b5eb3b" wsaVersion="NONE" name="CoursesPortSoap11" type="wsdl" bindingName="{http://kodilla.com/courses/soap}CoursesPortSoap11" soapVersion="1_1" anonymous="optional" definition="http://localhost:8080/ws/courses.wsdl" xmlns:xsi="http://www.w3.org/2001/XMLSchema-instance"><con:settings/><con:definitionCache type="TEXT" rootPart="http://localhost:8080/ws/courses.wsdl"><con:part><con:url>http://localhost:8080/ws/courses.wsdl</con:url><con:content><![CDATA[<wsdl:definitions targetNamespace="http://kodilla.com/courses/soap" xmlns:wsdl="http://schemas.xmlsoap.org/wsdl/" xmlns:sch="http://kodilla.com/courses/soap" xmlns:soap="http://schemas.xmlsoap.org/wsdl/soap/" xmlns:tns="http://kodilla.com/courses/soap">
  <wsdl:types>
    <xs:schema elementFormDefault="qualified" targetNamespace="http://kodilla.com/courses/soap" xmlns:xs="http://www.w3.org/2001/XMLSchema">
      <xs:element name="getCourseRequest">
        <xs:complexType>
          <xs:sequence>
            <xs:element name="name" type="xs:string"/>
          </xs:sequence>
        </xs:complexType>
      </xs:element>
      <xs:element name="getCourseResponse">
        <xs:complexType>
          <xs:sequence>
            <xs:element name="course" type="tns:course"/>
          </xs:sequence>
        </xs:complexType>
      </xs:element>
      <xs:complexType name="course">
        <xs:sequence>
          <xs:element name="name" type="xs:string"/>
          <xs:element name="length" type="xs:int"/>
          <xs:element name="technology" type="tns:technology"/>
        </xs:sequence>
      </xs:complexType>
      <xs:simpleType name="technology">
        <xs:restriction base="xs:string">
          <xs:enumeration value="JAVA"/>
          <xs:enumeration value="JAVASCRIPT"/>
          <xs:enumeration value="HTML"/>
        </xs:restriction>
      </xs:simpleType>
    </xs:schema>
  </wsdl:types>
  <wsdl:message name="getCourseResponse">
    <wsdl:part element="tns:getCourseResponse" name="getCourseResponse"></wsdl:part>
  </wsdl:message>
  <wsdl:message name="getCourseRequest">
    <wsdl:part element="tns:getCourseRequest" name="getCourseRequest"></wsdl:part>
  </wsdl:message>
  <wsdl:portType name="CoursesPort">
    <wsdl:operation name="getCourse">
      <wsdl:input message="tns:getCourseRequest" name="getCourseRequest"></wsdl:input>
      <wsdl:output message="tns:getCourseResponse" name="getCourseResponse"></wsdl:output>
    </wsdl:operation>
  </wsdl:portType>
  <wsdl:binding name="CoursesPortSoap11" type="tns:CoursesPort">
    <soap:binding style="document" transport="http://schemas.xmlsoap.org/soap/http"/>
    <wsdl:operation name="getCourse">
      <soap:operation soapAction=""/>
      <wsdl:input name="getCourseRequest">
        <soap:body use="literal"/>
      </wsdl:input>
      <wsdl:output name="getCourseResponse">
        <soap:body use="literal"/>
      </wsdl:output>
    </wsdl:operation>
  </wsdl:binding>
  <wsdl:service name="CoursesPortService">
    <wsdl:port binding="tns:CoursesPortSoap11" name="CoursesPortSoap11">
      <soap:address location="http://localhost:8080/ws"/>
    </wsdl:port>
  </wsdl:service>
</wsdl:definitions>]]></con:content><con:type>http://schemas.xmlsoap.org/wsdl/</con:type></con:part></con:definitionCache><con:endpoints><con:endpoint>http://localhost:8080/ws</con:endpoint></con:endpoints><con:operation id="c1bf8a22-f1c4-4bee-b4c4-949d12ea7bc4" isOneWay="false" action="" name="getCourse" bindingOperationName="getCourse" type="Request-Response" outputName="getCourseResponse" inputName="getCourseRequest" receivesAttachments="false" sendsAttachments="false" anonymous="optional"><con:settings/><con:call id="6618a5fc-c8f4-412f-b0ce-f7ce5d8c5862" name="Request 1"><con:settings/><con:encoding>UTF-8</con:encoding><con:endpoint>http://localhost:8080/ws</con:endpoint><con:request><![CDATA[<soapenv:Envelope xmlns:soapenv="http://schemas.xmlsoap.org/soap/envelope/" xmlns:soap="http://kodilla.com/courses/soap">\r
   <soapenv:Header/>\r
   <soapenv:Body>\r
      <soap:getCourseRequest>\r
         <soap:name>?</soap:name>\r
      </soap:getCourseRequest>\r
   </soapenv:Body>\r
</soapenv:Envelope>]]></con:request><con:wsaConfig mustUnderstand="NONE" version="200508" action="http://kodilla.com/courses/soap/CoursesPort/getCourseRequest"/></con:call></con:operation></con:interface><con:testSuite id="7c2f1a7e-6f01-4f9a-99a0-5b64962f45a9" name="Courses TestSuite"><con:settings/><con:runType>SEQUENTIAL</con:runType><con:testCase id="9623987d-a130-42d5-8614-ab1e3daf7497" failOnError="true" failTestCaseOnErrors="true" keepSession="false" maxResults="0" name="Not existing course TestCase" searchProperties="true"><con:settings/><con:testStep type="request" id="b31206ba-7d25-4b0d-bd18-85d9ee62a01d" name="getCourse"><con:settings/><con:config xsi:type="con:RequestStep" xmlns:xsi="http://www.w3.org/2001/XMLSchema-instance"><con:interface>CoursesPortSoap11</con:interface><con:operation>getCourse</con:operation><con:request name="getCourse" id="7f760adb-3a58-4ba6-a77d-b0274f5f0638"><con:settings><con:setting id="com.eviware.soapui.impl.wsdl.WsdlRequest@request-headers">&lt;xml-fragment/></con:setting></con:settings><con:encoding>UTF-8</con:encoding><con:endpoint>http://localhost:8080/ws</con:endpoint><con:request><![CDATA[<soapenv:Envelope xmlns:soapenv="http://schemas.xmlsoap.org/soap/envelope/" xmlns:soap="http://kodilla.com/courses/soap">\r
   <soapenv:Header/>\r
   <soapenv:Body>\r
      <soap:getCourseRequest>\r
         <soap:name>Python Developer</soap:name>\r
      </soap:getCourseRequest>\r
   </soapenv:Body>\r
</soapenv:Envelope>]]></con:request><con:assertion type="Simple NotContains" id="f2e7adb0-81ee-46c1-ab7e-d7828063c804" name="Not Contains"><con:configuration><token>length</token><ignoreCase>false</ignoreCase><useRegEx>false</useRegEx></con:configuration></con:assertion><con:credentials><con:authType>No Authorization</con:authType></con:credentials><con:jmsConfig JMSDeliveryMode="PERSISTENT"/><con:jmsPropertyConfig/><con:wsaConfig action="http://kodilla.com/courses/soap/CoursesPort/getCourseRequest" mustUnderstand="NONE" version="200508"/><con:wsrmConfig version="1.2"/></con:request></con:config></con:testStep><con:properties/></con:testCase><con:testCase id="0b53a749-da83-402e-b957-70c5d497bb64" failOnError="true" failTestCaseOnErrors="true" keepSession="false" maxResults="0" name="Course 9 months length TestCase" searchProperties="true"><con:settings/><con:testStep type="request" id="04390533-4101-477b-8ced-120f153efe52" name="getCourse"><con:settings/><con:config xsi:type="con:RequestStep" xmlns:xsi="http://www.w3.org/2001/XMLSchema-instance"><con:interface>CoursesPortSoap11</con:interface><con:operation>getCourse</con:operation><con:request name="getCourse" id="7f760adb-3a58-4ba6-a77d-b0274f5f0638"><con:settings><con:setting id="com.eviware.soapui.impl.wsdl.WsdlRequest@request-headers">&lt;xml-fragment/></con:setting></con:settings><con:encoding>UTF-8</con:encoding><con:endpoint>http://localhost:8080/ws</con:endpoint><con:request><![CDATA[<soapenv:Envelope xmlns:soapenv="http://schemas.xmlsoap.org/soap/envelope/" xmlns:soap="http://kodilla.com/courses/soap">\r
   <soapenv:Header/>\r
   <soapenv:Body>\r
      <soap:getCourseRequest>\r
         <soap:name>Java Developer Plus</soap:name>\r
      </soap:getCourseRequest>\r
   </soapenv:Body>\r
</soapenv:Envelope>]]></con:request><con:assertion type="Simple Contains" id="a0ce5003-7760-437c-9af8-5853016ca59e" name="Contains"><con:configuration><token>length>9&lt;</token><ignoreCase>false</ignoreCase><useRegEx>false</useRegEx></con:configuration></con:assertion><con:credentials><con:authType>No Authorization</con:authType></con:credentials><con:jmsConfig JMSDeliveryMode="PERSISTENT"/><con:jmsPropertyConfig/><con:wsaConfig action="http://kodilla.com/courses/soap/CoursesPort/getCourseRequest" mustUnderstand="NONE" version="200508"/><con:wsrmConfig version="1.2"/></con:request></con:config></con:testStep><con:properties/></con:testCase><con:testCase id="ca3376c6-e02d-4681-a761-67b6c866ab57" failOnError="true" failTestCaseOnErrors="true" keepSession="false" maxResults="0" name="Course 6 months length TestCase" searchProperties="true"><con:settings/><con:testStep type="request" id="98c3c7f9-033d-459b-9980-d92c0b4a2b44" name="getCourse"><con:settings/><con:config xsi:type="con:RequestStep" xmlns:xsi="http://www.w3.org/2001/XMLSchema-instance"><con:interface>CoursesPortSoap11</con:interface><con:operation>getCourse</con:operation><con:request name="getCourse" id="7f760adb-3a58-4ba6-a77d-b0274f5f0638"><con:settings><con:setting id="com.eviware.soapui.impl.wsdl.WsdlRequest@request-headers">&lt;xml-fragment/></con:setting></con:settings><con:encoding>UTF-8</con:encoding><con:endpoint>http://localhost:8080/ws</con:endpoint><con:request><![CDATA[<soapenv:Envelope xmlns:soapenv="http://schemas.xmlsoap.org/soap/envelope/" xmlns:soap="http://kodilla.com/courses/soap">\r
   <soapenv:Header/>\r
   <soapenv:Body>\r
      <soap:getCourseRequest>\r
         <soap:name>Java Developer</soap:name>\r
      </soap:getCourseRequest>\r
   </soapenv:Body>\r
</soapenv:Envelope>]]></con:request><con:assertion type="Simple Contains" id="a0ce5003-7760-437c-9af8-5853016ca59e" name="Contains"><con:configuration><token>length>6&lt;</token><ignoreCase>false</ignoreCase><useRegEx>false</useRegEx></con:configuration></con:assertion><con:credentials><con:authType>No Authorization</con:authType></con:credentials><con:jmsConfig JMSDeliveryMode="PERSISTENT"/><con:jmsPropertyConfig/><con:wsaConfig action="http://kodilla.com/courses/soap/CoursesPort/getCourseRequest" mustUnderstand="NONE" version="200508"/><con:wsrmConfig version="1.2"/></con:request></con:config></con:testStep><con:properties/></con:testCase><con:properties/></con:testSuite><con:testSuite id="2280810d-06b9-46a5-83d7-f467aff6db3d" name="Courses TestSuite 2"><con:settings/><con:runType>SEQUENTIAL</con:runType><con:testCase id="ad0e29fc-a302-499a-9890-a0b022e361a5" failOnError="true" failTestCaseOnErrors="true" keepSession="false" maxResults="0" name="Not existing course TestCase" searchProperties="true"><con:settings/><con:testStep type="request" id="1ab1f0df-bd40-48b1-be09-117d7b09a5ed" name="getCourse"><con:settings/><con:config xsi:type="con:RequestStep" xmlns:xsi="http://www.w3.org/2001/XMLSchema-instance"><con:interface>CoursesPortSoap11</con:interface><con:operation>getCourse</con:operation><con:request name="getCourse" id="7f760adb-3a58-4ba6-a77d-b0274f5f0638"><con:settings><con:setting id="com.eviware.soapui.impl.wsdl.WsdlRequest@request-headers">&lt;xml-fragment/></con:setting></con:settings><con:encoding>UTF-8</con:encoding><con:endpoint>http://localhost:8080/ws</con:endpoint><con:request><![CDATA[<soapenv:Envelope xmlns:soapenv="http://schemas.xmlsoap.org/soap/envelope/" xmlns:soap="http://kodilla.com/courses/soap">\r
   <soapenv:Header/>\r
   <soapenv:Body>\r
      <soap:getCourseRequest>\r
         <soap:name>Web Developer</soap:name>\r
      </soap:getCourseRequest>\r
   </soapenv:Body>\r
</soapenv:Envelope>]]></con:request><con:assertion type="Simple NotContains" id="4f09d56e-8324-4db1-bd79-e60196073b16" name="Not Contains"><con:configuration><token>length</token><ignoreCase>false</ignoreCase><useRegEx>false</useRegEx></con:configuration></con:assertion><con:credentials><con:authType>No Authorization</con:authType></con:credentials><con:jmsConfig JMSDeliveryMode="PERSISTENT"/><con:jmsPropertyConfig/><con:wsaConfig action="http://kodilla.com/courses/soap/CoursesPort/getCourseRequest" mustUnderstand="NONE" version="200508"/><con:wsrmConfig version="1.2"/></con:request></con:config></con:testStep><con:properties/></con:testCase><con:testCase id="979d1ad5-96c5-4659-8bc8-a32080795b0a" failOnError="true" failTestCaseOnErrors="true" keepSession="false" maxResults="0" name="Course 9 months length TestCase" searchProperties="true"><con:settings/><con:testStep type="request" id="76af7577-303d-4f67-969f-66f140ac6542" name="getCourse"><con:settings/><con:config xsi:type="con:RequestStep" xmlns:xsi="http://www.w3.org/2001/XMLSchema-instance"><con:interface>CoursesPortSoap11</con:interface><con:operation>getCourse</con:operation><con:request name="getCourse" id="7f760adb-3a58-4ba6-a77d-b0274f5f0638"><con:settings><con:setting id="com.eviware.soapui.impl.wsdl.WsdlRequest@request-headers">&lt;xml-fragment/></con:setting></con:settings><con:encoding>UTF-8</con:encoding><con:endpoint>http://localhost:8080/ws</con:endpoint><con:request><![CDATA[<soapenv:Envelope xmlns:soapenv="http://schemas.xmlsoap.org/soap/envelope/" xmlns:soap="http://kodilla.com/courses/soap">\r
   <soapenv:Header/>\r
   <soapenv:Body>\r
      <soap:getCourseRequest>\r
         <soap:name>Mobile Game Developer</soap:name>\r
      </soap:getCourseRequest>\r
   </soapenv:Body>\r
</soapenv:Envelope>]]></con:request><con:assertion type="Simple Contains" id="420025aa-1088-48f7-b0a1-d04fd21c7d15" name="Contains"><con:configuration><token>length>9&lt;</token><ignoreCase>false</ignoreCase><useRegEx>false</useRegEx></con:configuration></con:assertion><con:credentials><con:authType>No Authorization</con:authType></con:credentials><con:jmsConfig JMSDeliveryMode="PERSISTENT"/><con:jmsPropertyConfig/><con:wsaConfig action="http://kodilla.com/courses/soap/CoursesPort/getCourseRequest" mustUnderstand="NONE" version="200508"/><con:wsrmConfig version="1.2"/></con:request></con:config></con:testStep><con:properties/></con:testCase><con:testCase id="e487673a-ba31-46a7-b5a4-ad686b65c0bc" failOnError="true" failTestCaseOnErrors="true" keepSession="false" maxResults="0" name="Course 6 months length TestCase" searchProperties="true"><con:settings/><con:testStep type="request" id="f95e687e-1f79-47d5-bf1b-d584920da8a8" name="getCourse"><con:settings/><con:config xsi:type="con:RequestStep" xmlns:xsi="http://www.w3.org/2001/XMLSchema-instance"><con:interface>CoursesPortSoap11</con:interface><con:operation>getCourse</con:operation><con:request name="getCourse" id="7f760adb-3a58-4ba6-a77d-b0274f5f0638"><con:settings><con:setting id="com.eviware.soapui.impl.wsdl.WsdlRequest@request-headers">&lt;xml-fragment/></con:setting></con:settings><con:encoding>UTF-8</con:encoding><con:endpoint>http://localhost:8080/ws</con:endpoint><con:request><![CDATA[<soapenv:Envelope xmlns:soapenv="http://schemas.xmlsoap.org/soap/envelope/" xmlns:soap="http://kodilla.com/courses/soap">\r
   <soapenv:Header/>\r
   <soapenv:Body>\r
      <soap:getCourseRequest>\r
         <soap:name>Java Developer</soap:name>\r
      </soap:getCourseRequest>\r
   </soapenv:Body>\r
</soapenv:Envelope>]]></con:request><con:assertion type="Simple Contains" id="a0ce5003-7760-437c-9af8-5853016ca59e" name="Contains"><con:configuration><token>length>6&lt;</token><ignoreCase>false</ignoreCase><useRegEx>false</useRegEx></con:configuration></con:assertion><con:credentials><con:authType>No Authorization</con:authType></con:credentials><con:jmsConfig JMSDeliveryMode="PERSISTENT"/><con:jmsPropertyConfig/><con:wsaConfig action="http://kodilla.com/courses/soap/CoursesPort/getCourseRequest" mustUnderstand="NONE" version="200508"/><con:wsrmConfig version="1.2"/></con:request></con:config></con:testStep><con:properties/></con:testCase><con:properties/></con:testSuite><con:properties/><con:wssContainer/><con:oAuth2ProfileContainer/><con:oAuth1ProfileContainer/></con:soapui-project>